{"MSMARCO": {"mrr_10": 0.2157879087642693, "recall_5": 0.31384909264565414, "recall_10": 0.3923829990448901, "recall_15": 0.4359240687679084, "recall_20": 0.4653653295128941, "recall_30": 0.5098615090735434, "recall_100": 0.6224808978032474, "recall_200": 0.6819723018147086, "recall_500": 0.753748806112703, "recall_1000": 0.8024474689589304}, "TREC_DL_2019": {"ndcg_cut_5": 0.44561615491695017, "ndcg_cut_10": 0.4286061430265537, "ndcg_cut_15": 0.4069070394939029, "ndcg_cut_20": 0.4042779325319011, "ndcg_cut_30": 0.3960246862991583, "ndcg_cut_100": 0.3691286098695914, "ndcg_cut_200": 0.3841924604827373, "ndcg_cut_500": 0.41348035560238305, "ndcg_cut_1000": 0.43920146966976964, "mrr_10": 0.6156976744186048, "recall_5": 0.11774927010496211, "recall_10": 0.17138418499314392, "recall_15": 0.19683782113829418, "recall_20": 0.23962251319184133, "recall_30": 0.2925959846724258, "recall_100": 0.38722099395348447, "recall_200": 0.4450252830856027, "recall_500": 0.5091809983357647, "recall_1000": 0.5747812969057271}, "TREC_DL_2020": {"ndcg_cut_5": 0.44378529507762515, "ndcg_cut_10": 0.4284484659724274, "ndcg_cut_15": 0.4094721913476061, "ndcg_cut_20": 0.4019323112932605, "ndcg_cut_30": 0.3859367947084372, "ndcg_cut_100": 0.39651484421274397, "ndcg_cut_200": 0.41597538586018784, "ndcg_cut_500": 0.4403791230178423, "ndcg_cut_1000": 0.4562868854920306, "mrr_10": 0.717636684303351, "recall_5": 0.08979654700363113, "recall_10": 0.1470857627541748, "recall_15": 0.16847913457682623, "recall_20": 0.1944124118896182, "recall_30": 0.22141917403524577, "recall_100": 0.36152342218131506, "recall_200": 0.4177529297714905, "recall_500": 0.4810270634640097, "recall_1000": 0.5279951190079573}}