{"ndcg_cut_5": 0.7273375292456762, "ndcg_cut_10": 0.6980110002772063, "ndcg_cut_15": 0.6985470942627211, "ndcg_cut_20": 0.6901984018220838, "ndcg_cut_30": 0.6780170790111947, "ndcg_cut_100": 0.6555860962146712, "ndcg_cut_200": 0.6672459242312041, "ndcg_cut_500": 0.7045322035157393, "ndcg_cut_1000": 0.7265994290173392}{"mrr_10": 0.8527131782945737, "recall_5": 0.17631398363561598, "recall_10": 0.268352902713422, "recall_15": 0.3411056400856066, "recall_20": 0.3954162632480718, "recall_30": 0.46094126789993445, "recall_100": 0.6330793840069554, "recall_200": 0.7175609601857973, "recall_500": 0.7963553958331947, "recall_1000": 0.8423363136529146}