{"MSMARCO": {"mrr_10": 0.33597301814708574, "recall_5": 0.48650907354345757, "recall_10": 0.6005969436485195, "recall_15": 0.6556948424068768, "recall_20": 0.6903653295128941, "recall_30": 0.7396728748806113, "recall_100": 0.8489493791786057, "recall_200": 0.8919770773638969, "recall_500": 0.9310052531041069, "recall_1000": 0.9553844317096467}, "TREC_DL_2019": {"ndcg_cut_5": 0.6778248332256558, "ndcg_cut_10": 0.6569227611808399, "ndcg_cut_15": 0.6439918883123886, "ndcg_cut_20": 0.6300351234889032, "ndcg_cut_30": 0.6079742167279961, "ndcg_cut_100": 0.5800772829441241, "ndcg_cut_200": 0.5957633700351349, "ndcg_cut_500": 0.6350154864396601, "ndcg_cut_1000": 0.6578741805963026, "mrr_10": 0.842469545957918, "recall_5": 0.16262077326585894, "recall_10": 0.2442154940579316, "recall_15": 0.30595315996702926, "recall_20": 0.3613096851800181, "recall_30": 0.41977474510815027, "recall_100": 0.5564951844919814, "recall_200": 0.6345655738212053, "recall_500": 0.7257395966756638, "recall_1000": 0.7758214108267808}, "TREC_DL_2020": {"ndcg_cut_5": 0.673135052624613, "ndcg_cut_10": 0.6412544664196602, "ndcg_cut_15": 0.6234214000996777, "ndcg_cut_20": 0.6163859410313774, "ndcg_cut_30": 0.607614149770138, "ndcg_cut_100": 0.5963095028228522, "ndcg_cut_200": 0.6211334506156944, "ndcg_cut_500": 0.6524326438752038, "ndcg_cut_1000": 0.67240111948239, "mrr_10": 0.9080246913580248, "recall_5": 0.152038207639063, "recall_10": 0.22594831174141222, "recall_15": 0.2752885898934916, "recall_20": 0.3177528743034616, "recall_30": 0.3845129999480899, "recall_100": 0.5525765275165773, "recall_200": 0.624411300009569, "recall_500": 0.7010113218397133, "recall_1000": 0.7530225826140522}}