{"ndcg_cut_5": 0.6958125128928502, "ndcg_cut_10": 0.6719289878490207, "ndcg_cut_15": 0.6567607590701084, "ndcg_cut_20": 0.6499774950244481, "ndcg_cut_30": 0.6404715822812079, "ndcg_cut_100": 0.6297104979070234, "ndcg_cut_200": 0.6555058259479418, "ndcg_cut_500": 0.6894894435835548, "ndcg_cut_1000": 0.7092777823697192}{"mrr_10": 0.9390432098765432, "recall_5": 0.1491509715886861, "recall_10": 0.23243673094340522, "recall_15": 0.2889097579891185, "recall_20": 0.33516537355871734, "recall_30": 0.40587435716074227, "recall_100": 0.5911597247358347, "recall_200": 0.6724268712356498, "recall_500": 0.7550630386979769, "recall_1000": 0.8079887737238679}