{"MSMARCO": {"mrr_10": 0.36064242506935923, "recall_5": 0.5124283667621775, "recall_10": 0.631375358166189, "recall_15": 0.6905444126074501, "recall_20": 0.7285816618911177, "recall_30": 0.7754297994269342, "recall_100": 0.8794054441260746, "recall_200": 0.9183500477554918, "recall_500": 0.9508476599808977, "recall_1000": 0.9686843361986629}, "TREC_DL_2019": {"ndcg_cut_5": 0.6802958073364926, "ndcg_cut_10": 0.6628869269027178, "ndcg_cut_15": 0.6590495897103217, "ndcg_cut_20": 0.6433157891536431, "ndcg_cut_30": 0.6253670528266664, "ndcg_cut_100": 0.6111002540416465, "ndcg_cut_200": 0.6258419280604252, "ndcg_cut_500": 0.6617396558195057, "ndcg_cut_1000": 0.6859365856424634, "mrr_10": 0.8127906976744185, "recall_5": 0.16706303330343514, "recall_10": 0.24584582868835725, "recall_15": 0.3128155515534904, "recall_20": 0.3566667236793026, "recall_30": 0.4097904111213718, "recall_100": 0.5895188363299286, "recall_200": 0.6745505958512932, "recall_500": 0.7613665750755535, "recall_1000": 0.8180326131339016}, "TREC_DL_2020": {"ndcg_cut_5": 0.7241436354412216, "ndcg_cut_10": 0.696869169307751, "ndcg_cut_15": 0.6648316944701582, "ndcg_cut_20": 0.6511935618692102, "ndcg_cut_30": 0.6458014680604627, "ndcg_cut_100": 0.6322999197873368, "ndcg_cut_200": 0.6515545774920882, "ndcg_cut_500": 0.6815486175469734, "ndcg_cut_1000": 0.6975523145772011, "mrr_10": 0.9421296296296297, "recall_5": 0.14548231958782182, "recall_10": 0.23315016772463096, "recall_15": 0.2888846670732083, "recall_20": 0.3357631044683763, "recall_30": 0.4020175504490782, "recall_100": 0.5842755456384903, "recall_200": 0.6546071980254462, "recall_500": 0.7248015211940199, "recall_1000": 0.7735002757603533}}