{"MSMARCO": {"mrr_10": 0.3710221949333693, "recall_5": 0.5361986628462273, "recall_10": 0.6484718242597896, "recall_15": 0.7107091690544414, "recall_20": 0.7448543457497614, "recall_30": 0.791917382999045, "recall_100": 0.8972779369627508, "recall_200": 0.9344675262655203, "recall_500": 0.966404011461318, "recall_1000": 0.9792979942693409}, "TREC_DL_2019": {"ndcg_cut_5": 0.7402479585743891, "ndcg_cut_10": 0.7281875086066893, "ndcg_cut_15": 0.7206772576558595, "ndcg_cut_20": 0.7079176635173251, "ndcg_cut_30": 0.6948968909848653, "ndcg_cut_100": 0.6614082267995501, "ndcg_cut_200": 0.6761966008659408, "ndcg_cut_500": 0.7187133788022129, "ndcg_cut_1000": 0.7395620718528615, "mrr_10": 0.8379844961240309, "recall_5": 0.18494248459274823, "recall_10": 0.2829766184531982, "recall_15": 0.3521553231913441, "recall_20": 0.40047092851793786, "recall_30": 0.47055415627958413, "recall_100": 0.6282602347974228, "recall_200": 0.7125426292047845, "recall_500": 0.812650215108114, "recall_1000": 0.8567694125625714}, "TREC_DL_2020": {"ndcg_cut_5": 0.6968783380882774, "ndcg_cut_10": 0.6810602238221007, "ndcg_cut_15": 0.6663131992789237, "ndcg_cut_20": 0.6642248262243073, "ndcg_cut_30": 0.6519199223200082, "ndcg_cut_100": 0.6467865901686233, "ndcg_cut_200": 0.6721488171397673, "ndcg_cut_500": 0.7047112338998797, "ndcg_cut_1000": 0.7192013220611836, "mrr_10": 0.9208553791887125, "recall_5": 0.14953675289564392, "recall_10": 0.2370469618386376, "recall_15": 0.29339317593554515, "recall_20": 0.34123637846864824, "recall_30": 0.41543014983682647, "recall_100": 0.6145980058415511, "recall_200": 0.6952538905372445, "recall_500": 0.7754735285245821, "recall_1000": 0.8121670826394505}}