{"MSMARCO": {"mrr_10": 0.3575630486196388, "recall_5": 0.5245821394460362, "recall_10": 0.6423829990448899, "recall_15": 0.7001313276026744, "recall_20": 0.7396012416427891, "recall_30": 0.7865687679083098, "recall_100": 0.890699617956065, "recall_200": 0.9305993314231136, "recall_500": 0.9638849092645654, "recall_1000": 0.9760864374403058}, "TREC_DL_2019": {"ndcg_cut_5": 0.7533873481518174, "ndcg_cut_10": 0.7304846524507893, "ndcg_cut_15": 0.7221756654125191, "ndcg_cut_20": 0.7161346851943967, "ndcg_cut_30": 0.6983253047325386, "ndcg_cut_100": 0.6702686344882328, "ndcg_cut_200": 0.6882017138909744, "ndcg_cut_500": 0.7236088730585908, "ndcg_cut_1000": 0.7453124632287133, "mrr_10": 0.872093023255814, "recall_5": 0.18252551182379967, "recall_10": 0.276733307322997, "recall_15": 0.3485105049667122, "recall_20": 0.40625215606203474, "recall_30": 0.4661947063913099, "recall_100": 0.6385934557139434, "recall_200": 0.7403573098233727, "recall_500": 0.8157814912995378, "recall_1000": 0.8601563271967932}, "TREC_DL_2020": {"ndcg_cut_5": 0.7288517737265102, "ndcg_cut_10": 0.7011694925204628, "ndcg_cut_15": 0.688314361617807, "ndcg_cut_20": 0.6784781127570142, "ndcg_cut_30": 0.6604368627899017, "ndcg_cut_100": 0.6570396065244307, "ndcg_cut_200": 0.6786494245452914, "ndcg_cut_500": 0.7128751734897498, "ndcg_cut_1000": 0.7308178138534042, "mrr_10": 0.9398148148148148, "recall_5": 0.1465312496464868, "recall_10": 0.24533492032165222, "recall_15": 0.30479427419360916, "recall_20": 0.3557762816446595, "recall_30": 0.4149147842830257, "recall_100": 0.6211293073116093, "recall_200": 0.6971132404184236, "recall_500": 0.7793616517398, "recall_1000": 0.8249201343691537}}