{"mrr_10": 0.3710221949333693, "recall_5": 0.5361986628462273, "recall_10": 0.6484718242597896, "recall_15": 0.7107091690544414, "recall_20": 0.7448543457497614, "recall_30": 0.791917382999045, "recall_100": 0.8972779369627508, "recall_200": 0.9344675262655203, "recall_500": 0.966404011461318, "recall_1000": 0.9792979942693409}