{"ndcg_cut_5": 0.734259571381516, "ndcg_cut_10": 0.696199328141431, "ndcg_cut_15": 0.6820623933876652, "ndcg_cut_20": 0.6645546098975659, "ndcg_cut_30": 0.6519586575356153, "ndcg_cut_100": 0.6427361730304642, "ndcg_cut_200": 0.6666068352763863, "ndcg_cut_500": 0.6965672296055955, "ndcg_cut_1000": 0.7127600646886181}{"mrr_10": 0.9532627865961198, "recall_5": 0.15473223543600798, "recall_10": 0.23231937742289333, "recall_15": 0.2973739840717859, "recall_20": 0.34346404057590585, "recall_30": 0.4112807229815928, "recall_100": 0.5976804332949877, "recall_200": 0.6751722225859962, "recall_500": 0.7512878602617533, "recall_1000": 0.793809014559706}