{"MSMARCO": {"mrr_10": 0.33682357756856285, "recall_5": 0.4886938872970391, "recall_10": 0.5999044890162368, "recall_15": 0.6543696275071633, "recall_20": 0.6908309455587393, "recall_30": 0.7379178605539638, "recall_100": 0.8478748806112704, "recall_200": 0.8900071633237823, "recall_500": 0.9340496657115568, "recall_1000": 0.9558142311365807}, "TREC_DL_2019": {"ndcg_cut_5": 0.6713303931618185, "ndcg_cut_10": 0.6511397499732808, "ndcg_cut_15": 0.6403078562472632, "ndcg_cut_20": 0.6325097732135307, "ndcg_cut_30": 0.6116887527989688, "ndcg_cut_100": 0.5774571188557762, "ndcg_cut_200": 0.5889591940724554, "ndcg_cut_500": 0.6283281713443941, "ndcg_cut_1000": 0.6557913984367318, "mrr_10": 0.788205980066445, "recall_5": 0.16990004753751956, "recall_10": 0.25431734692437036, "recall_15": 0.3195725551681865, "recall_20": 0.3653469121297922, "recall_30": 0.422972692618792, "recall_100": 0.5553437990023372, "recall_200": 0.6256560472326663, "recall_500": 0.7210736415417645, "recall_1000": 0.7860499343148174}, "TREC_DL_2020": {"ndcg_cut_5": 0.6275951338915989, "ndcg_cut_10": 0.6086154543131091, "ndcg_cut_15": 0.6028283592652935, "ndcg_cut_20": 0.5956690982402816, "ndcg_cut_30": 0.5970382535666522, "ndcg_cut_100": 0.5837142983454695, "ndcg_cut_200": 0.6088750648504965, "ndcg_cut_500": 0.6403143214055775, "ndcg_cut_1000": 0.6611893001343856, "mrr_10": 0.8734567901234569, "recall_5": 0.13242085294605924, "recall_10": 0.21459021734719103, "recall_15": 0.2790784537180652, "recall_20": 0.3219474365159344, "recall_30": 0.39861641584900703, "recall_100": 0.5476147447932129, "recall_200": 0.6212223971832506, "recall_500": 0.6953239353959236, "recall_1000": 0.7527792104304633}}