{"index": [0, 1, 2, 3, 4, 5, 6, 7, 8, 9, 10, 20, 30, 40, 50, 60, 70, 80, 90, 100, 200, 300, 400, 500, 600, 700, 800, 900, 1000, 2000, 3000, 4000, 5000, 6000, 7000, 8000, 9000, 10000, 20000, 30000, 40000, 50000, 60000, 70000, 80000, 90000, 100000, 200000, 300000, 400000, 500000, 600000, 700000, 800000, 900000, 1000000, 2000000, 3000000, 4000000, 5000000, 6000000, 7000000, 8000000, 9000000, 10000000, 20000000, 30000000, 40000000, 50000000, 60000000, 70000000, 80000000, 90000000, 100000000, 200000000, 300000000, 400000000, 500000000, 600000000, 700000000, 800000000, 900000000, 1000000000, 1060909341], "value": [3.580040693283081, 3.5660054683685303, 3.5615785121917725, 3.558913230895996, 3.558022975921631, 3.5562405586242676, 3.5499765872955322, 3.5499765872955322, 3.5490784645080566, 3.546379327774048, 3.542769193649292, 3.5152697563171387, 3.5106122493743896, 3.5031144618988037, 3.5012311935424805, 3.4965076446533203, 3.490809440612793, 3.489856719970703, 3.486992835998535, 3.485078811645508, 3.4715781211853027, 3.4598593711853027, 3.4529592990875244, 3.4480013847351074, 3.4440174102783203, 3.439516305923462, 3.4360013008117676, 3.432978630065918, 3.430452823638916, 3.407945394515991, 3.3944034576416016, 3.3838605880737305, 3.375345230102539, 3.3678345680236816, 3.36189341545105, 3.355916738510132, 3.3510000705718994, 3.346609115600586, 3.313617706298828, 3.2917776107788086, 3.2741923332214355, 3.2598977088928223, 3.246612548828125, 3.234995126724243, 3.224485158920288, 3.214491367340088, 3.2050304412841797, 3.129361391067505, 3.0716800689697266, 3.024228572845459, 2.9831535816192627, 2.947723150253296, 2.915233850479126, 2.8868935108184814, 2.8604135513305664, 2.836883068084717, 2.6633143424987793, 2.549811363220215, 2.463853359222412, 2.393624782562256, 2.3348708152770996, 2.2836570739746094, 2.238879680633545, 2.198092222213745, 2.1609854698181152, 1.9060642719268799, 1.747840166091919, 1.6318413019180298, 1.538210391998291, 1.4597045183181763, 1.3921366930007935, 1.3326339721679688, 1.2791962623596191, 1.2307592630386353, 0.8813109993934631, 0.6430866718292236, 0.472198486328125, 0.35128939151763916, 0.25995752215385437, 0.18654440343379974, 0.12556517124176025, 0.07341018319129944, 0.026976587250828743, 0.0009760859538801014]}