{"ndcg_cut_5": 0.6968783380882774, "ndcg_cut_10": 0.6810602238221007, "ndcg_cut_15": 0.6663131992789237, "ndcg_cut_20": 0.6642248262243073, "ndcg_cut_30": 0.6519199223200082, "ndcg_cut_100": 0.6467865901686233, "ndcg_cut_200": 0.6721488171397673, "ndcg_cut_500": 0.7047112338998797, "ndcg_cut_1000": 0.7192013220611836}{"mrr_10": 0.9208553791887125, "recall_5": 0.14953675289564392, "recall_10": 0.2370469618386376, "recall_15": 0.29339317593554515, "recall_20": 0.34123637846864824, "recall_30": 0.41543014983682647, "recall_100": 0.6145980058415511, "recall_200": 0.6952538905372445, "recall_500": 0.7754735285245821, "recall_1000": 0.8121670826394505}