{"MSMARCO": {"mrr_10": 0.3667858848410431, "recall_5": 0.5304321872015282, "recall_10": 0.6417502387774594, "recall_15": 0.7010267430754538, "recall_20": 0.740878701050621, "recall_30": 0.7879536771728749, "recall_100": 0.8914756446991405, "recall_200": 0.9301814708691498, "recall_500": 0.9599808978032472, "recall_1000": 0.9749164278892073}, "TREC_DL_2019": {"ndcg_cut_5": 0.7238668409994851, "ndcg_cut_10": 0.6997845276943386, "ndcg_cut_15": 0.6911539789502612, "ndcg_cut_20": 0.6771829161180055, "ndcg_cut_30": 0.6576550326414009, "ndcg_cut_100": 0.6330631090864386, "ndcg_cut_200": 0.652285273523527, "ndcg_cut_500": 0.6863133228287064, "ndcg_cut_1000": 0.7123333122434777, "mrr_10": 0.8630490956072352, "recall_5": 0.17770766732836474, "recall_10": 0.26775909242172885, "recall_15": 0.32884571052582134, "recall_20": 0.37845042605861495, "recall_30": 0.4345226015318815, "recall_100": 0.5999396550818533, "recall_200": 0.7108218929799669, "recall_500": 0.7881401850951492, "recall_1000": 0.8398515042128843}, "TREC_DL_2020": {"ndcg_cut_5": 0.7203979886929839, "ndcg_cut_10": 0.6848739956137146, "ndcg_cut_15": 0.6644688556475754, "ndcg_cut_20": 0.655089641425419, "ndcg_cut_30": 0.6416492543400779, "ndcg_cut_100": 0.6340137305694249, "ndcg_cut_200": 0.6575702956112656, "ndcg_cut_500": 0.6895332958605818, "ndcg_cut_1000": 0.711308009007167, "mrr_10": 0.9308862433862433, "recall_5": 0.14584310395840483, "recall_10": 0.23239647533877078, "recall_15": 0.29019184904723616, "recall_20": 0.3375147882824519, "recall_30": 0.40453213221739787, "recall_100": 0.5927769725321314, "recall_200": 0.675344993995743, "recall_500": 0.7518319406238243, "recall_1000": 0.8049761046171212}}