{"MSMARCO": {"mrr_10": 0.18795272512604497, "recall_10": 0.33878996745165607, "recall_15": 0.37581370859659197, "recall_20": 0.40462856595826147, "recall_30": 0.44380624162358795, "recall_100": 0.5462856595826152, "recall_200": 0.6033170591614015, "recall_500": 0.6823066245452803, "recall_1000": 0.7415398238560216, "recall_5": 0.2706299061841853}, "TREC_DL_2019": {"ndcg_cut_5": 0.40378485281631615, "ndcg_cut_10": 0.37160842373594744, "ndcg_cut_15": 0.3565033402127313, "ndcg_cut_20": 0.34537850928256514, "ndcg_cut_30": 0.3291861004859478, "ndcg_cut_100": 0.29606751138620246, "ndcg_cut_200": 0.3057435596729543, "ndcg_cut_500": 0.3472979722289523, "ndcg_cut_1000": 0.3722634087824695, "mrr_10": 0.5116279069767442, "recall_5": 0.09586624523295244, "recall_10": 0.13309325174200035, "recall_15": 0.16740325738015385, "recall_20": 0.1982682540646397, "recall_30": 0.2325330468911177, "recall_100": 0.31801769644998606, "recall_200": 0.3728608000818292, "recall_500": 0.4625963427721636, "recall_1000": 0.5192628858160852}, "TREC_DL_2020": {"ndcg_cut_5": 0.39300110285835105, "ndcg_cut_10": 0.3606883060782846, "ndcg_cut_15": 0.3446096329782723, "ndcg_cut_20": 0.34346773353329685, "ndcg_cut_30": 0.3325514362220889, "ndcg_cut_100": 0.336275180866352, "ndcg_cut_200": 0.354036148028883, "ndcg_cut_500": 0.3825230055275821, "ndcg_cut_1000": 0.39816283377272504, "mrr_10": 0.6376543209876544, "recall_5": 0.0853539728267987, "recall_10": 0.12840645904983153, "recall_15": 0.1543587059630214, "recall_20": 0.18275208231855095, "recall_30": 0.20808415038147293, "recall_100": 0.30066633667042214, "recall_200": 0.3443370259921262, "recall_500": 0.42358224758174, "recall_1000": 0.47527158116915663}}