{"ndcg_cut_5": 0.7402479585743891, "ndcg_cut_10": 0.7281875086066893, "ndcg_cut_15": 0.7206772576558595, "ndcg_cut_20": 0.7079176635173251, "ndcg_cut_30": 0.6948968909848653, "ndcg_cut_100": 0.6614082267995501, "ndcg_cut_200": 0.6761966008659408, "ndcg_cut_500": 0.7187133788022129, "ndcg_cut_1000": 0.7395620718528615}{"mrr_10": 0.8379844961240309, "recall_5": 0.18494248459274823, "recall_10": 0.2829766184531982, "recall_15": 0.3521553231913441, "recall_20": 0.40047092851793786, "recall_30": 0.47055415627958413, "recall_100": 0.6282602347974228, "recall_200": 0.7125426292047845, "recall_500": 0.812650215108114, "recall_1000": 0.8567694125625714}