{"ndcg_cut_5": 0.7419566774542029, "ndcg_cut_10": 0.7308308060572042, "ndcg_cut_15": 0.7168689372383024, "ndcg_cut_20": 0.7046272930001066, "ndcg_cut_30": 0.6931047775036305, "ndcg_cut_100": 0.6618463804241629, "ndcg_cut_200": 0.6808778839188071, "ndcg_cut_500": 0.7214183054719662, "ndcg_cut_1000": 0.7432498790903582}{"mrr_10": 0.8468992248062016, "recall_5": 0.1804177720852575, "recall_10": 0.28609559027005266, "recall_15": 0.34562189826354617, "recall_20": 0.39718274012266436, "recall_30": 0.4645937218428728, "recall_100": 0.6309230908036239, "recall_200": 0.7296747997411139, "recall_500": 0.8177344241363139, "recall_1000": 0.8613569882501572}