{"MSMARCO": {"mrr_10": 0.33760040023650323, "recall_5": 0.4843242597898757, "recall_10": 0.5932784145176694, "recall_15": 0.6498925501432665, "recall_20": 0.6885386819484242, "recall_30": 0.7376074498567337, "recall_100": 0.8441618911174786, "recall_200": 0.8877507163323782, "recall_500": 0.9303247373447946, "recall_1000": 0.949880611270296}, "TREC_DL_2019": {"ndcg_cut_5": 0.6530930928563771, "ndcg_cut_10": 0.6365505889212052, "ndcg_cut_15": 0.632390582403709, "ndcg_cut_20": 0.614926131636905, "ndcg_cut_30": 0.5940190536081953, "ndcg_cut_100": 0.5690984321289118, "ndcg_cut_200": 0.58171271803532, "ndcg_cut_500": 0.6125013220827364, "ndcg_cut_1000": 0.6306069834966329, "mrr_10": 0.7323643410852714, "recall_5": 0.16447753048515357, "recall_10": 0.238830706882429, "recall_15": 0.3026673648959539, "recall_20": 0.34318766276787266, "recall_30": 0.3938190298684089, "recall_100": 0.5411648196861342, "recall_200": 0.6226995538285088, "recall_500": 0.6931372264881108, "recall_1000": 0.7302354614489986}, "TREC_DL_2020": {"ndcg_cut_5": 0.6567157563472106, "ndcg_cut_10": 0.6207283863056167, "ndcg_cut_15": 0.6097176403094314, "ndcg_cut_20": 0.5990356540335204, "ndcg_cut_30": 0.586237322344031, "ndcg_cut_100": 0.5797950497194236, "ndcg_cut_200": 0.6009099997297267, "ndcg_cut_500": 0.628988284055495, "ndcg_cut_1000": 0.6458875515350526, "mrr_10": 0.886904761904762, "recall_5": 0.12709960855804373, "recall_10": 0.2116065758794384, "recall_15": 0.2730578908967262, "recall_20": 0.3109273086385966, "recall_30": 0.3721935258570028, "recall_100": 0.5409932394177791, "recall_200": 0.6085589966341831, "recall_500": 0.6785777937258096, "recall_1000": 0.7236014136734386}}