{"ndcg_cut_5": 0.7292309874430627, "ndcg_cut_10": 0.7067628247611423, "ndcg_cut_15": 0.6969042783428464, "ndcg_cut_20": 0.6902528578123023, "ndcg_cut_30": 0.6801939883240331, "ndcg_cut_100": 0.6724542245603712, "ndcg_cut_200": 0.6921138311801497, "ndcg_cut_500": 0.7246513586623815, "ndcg_cut_1000": 0.7423343536932028}{"mrr_10": 0.9583333333333334, "recall_5": 0.1464969805433371, "recall_10": 0.24094993172011644, "recall_15": 0.3022387835283986, "recall_20": 0.3550858654597047, "recall_30": 0.43286081087612804, "recall_100": 0.63646689612439, "recall_200": 0.7080282624397595, "recall_500": 0.7864709084459923, "recall_1000": 0.8296861360077604}