{"MSMARCO": {"mrr_10": 0.2716442102151256, "recall_10": 0.4782712511938873, "recall_15": 0.5335482330468003, "recall_20": 0.5658787010506207, "recall_30": 0.6141833810888251, "recall_100": 0.7303127984718245, "recall_200": 0.7845510983763133, "recall_500": 0.8396609360076408, "recall_1000": 0.8768266475644698, "recall_5": 0.39047277936962743}, "TREC_DL_2019": {"ndcg_cut_5": 0.534480278499287, "ndcg_cut_10": 0.5232085897535627, "ndcg_cut_15": 0.5025293305424338, "ndcg_cut_20": 0.4938363796962951, "ndcg_cut_30": 0.47700544377468745, "ndcg_cut_100": 0.45575013627340116, "ndcg_cut_200": 0.45954831928969464, "ndcg_cut_500": 0.4889733106468538, "ndcg_cut_1000": 0.512711467657742, "mrr_10": 0.6448320413436691, "recall_5": 0.12957663642689024, "recall_10": 0.1903430101311695, "recall_15": 0.225024379818516, "recall_20": 0.2698814546437889, "recall_30": 0.33170147523545235, "recall_100": 0.47535433889468376, "recall_200": 0.5271361205422376, "recall_500": 0.5891910846464393, "recall_1000": 0.6437804775155682}, "TREC_DL_2020": {"ndcg_cut_5": 0.5374586698644936, "ndcg_cut_10": 0.519402967060288, "ndcg_cut_15": 0.4879097008906817, "ndcg_cut_20": 0.48025931478125944, "ndcg_cut_30": 0.4668822089170562, "ndcg_cut_100": 0.4733298856869038, "ndcg_cut_200": 0.49598339752988996, "ndcg_cut_500": 0.5204133749804493, "ndcg_cut_1000": 0.5345346402497493, "mrr_10": 0.7835831863609641, "recall_5": 0.1128347857202458, "recall_10": 0.184000085948025, "recall_15": 0.22018358480680825, "recall_20": 0.251456433422895, "recall_30": 0.2901240522910512, "recall_100": 0.4416300249593355, "recall_200": 0.503725040783317, "recall_500": 0.5693355963218047, "recall_1000": 0.6128493182337834}}