{"MSMARCO": {"mrr_10": 0.3180601036976385, "recall_5": 0.4575453677172874, "recall_10": 0.5573424068767908, "recall_15": 0.6136222540592168, "recall_20": 0.6504059216809933, "recall_30": 0.6957020057306591, "recall_100": 0.8034742120343841, "recall_200": 0.8429918815663803, "recall_500": 0.887285100286533, "recall_1000": 0.9147086914995226}, "TREC_DL_2019": {"ndcg_cut_5": 0.6294493888637431, "ndcg_cut_10": 0.6192334257466751, "ndcg_cut_15": 0.5998686439487405, "ndcg_cut_20": 0.5858007637738676, "ndcg_cut_30": 0.5685771265569743, "ndcg_cut_100": 0.531907542218176, "ndcg_cut_200": 0.5421172794784185, "ndcg_cut_500": 0.5747750340957744, "ndcg_cut_1000": 0.5950449697236448, "mrr_10": 0.7449612403100775, "recall_5": 0.1609031065959734, "recall_10": 0.2408466981469253, "recall_15": 0.2969649912839309, "recall_20": 0.3379839873868609, "recall_30": 0.38798680240496725, "recall_100": 0.5139323689066598, "recall_200": 0.5859546109927017, "recall_500": 0.6603414131472077, "recall_1000": 0.7014912219966734}, "TREC_DL_2020": {"ndcg_cut_5": 0.6262831141724314, "ndcg_cut_10": 0.5989542482878663, "ndcg_cut_15": 0.5880716424071247, "ndcg_cut_20": 0.5724459911743436, "ndcg_cut_30": 0.564474013385794, "ndcg_cut_100": 0.5499727406284679, "ndcg_cut_200": 0.569361715303174, "ndcg_cut_500": 0.5935209618171697, "ndcg_cut_1000": 0.6053658752956589, "mrr_10": 0.8786008230452674, "recall_5": 0.13508043868880423, "recall_10": 0.2072430093715969, "recall_15": 0.2679378244946995, "recall_20": 0.3050332194707149, "recall_30": 0.3630858122652687, "recall_100": 0.496358633424984, "recall_200": 0.5587039239846056, "recall_500": 0.6211769960455404, "recall_1000": 0.6540905319258237}}