{"MSMARCO": {"mrr_10": 0.36896802656114913, "recall_5": 0.5363777459407831, "recall_10": 0.6522206303724927, "recall_15": 0.7107091690544414, "recall_20": 0.7496776504297994, "recall_30": 0.7953319006685771, "recall_100": 0.8978151862464183, "recall_200": 0.9343958930276983, "recall_500": 0.9672039159503344, "recall_1000": 0.978808500477555}, "TREC_DL_2019": {"ndcg_cut_5": 0.7419566774542029, "ndcg_cut_10": 0.7308308060572042, "ndcg_cut_15": 0.7168689372383024, "ndcg_cut_20": 0.7046272930001066, "ndcg_cut_30": 0.6931047775036305, "ndcg_cut_100": 0.6618463804241629, "ndcg_cut_200": 0.6808778839188071, "ndcg_cut_500": 0.7214183054719662, "ndcg_cut_1000": 0.7432498790903582, "mrr_10": 0.8468992248062016, "recall_5": 0.1804177720852575, "recall_10": 0.28609559027005266, "recall_15": 0.34562189826354617, "recall_20": 0.39718274012266436, "recall_30": 0.4645937218428728, "recall_100": 0.6309230908036239, "recall_200": 0.7296747997411139, "recall_500": 0.8177344241363139, "recall_1000": 0.8613569882501572}, "TREC_DL_2020": {"ndcg_cut_5": 0.7292309874430627, "ndcg_cut_10": 0.7067628247611423, "ndcg_cut_15": 0.6969042783428464, "ndcg_cut_20": 0.6902528578123023, "ndcg_cut_30": 0.6801939883240331, "ndcg_cut_100": 0.6724542245603712, "ndcg_cut_200": 0.6921138311801497, "ndcg_cut_500": 0.7246513586623815, "ndcg_cut_1000": 0.7423343536932028, "mrr_10": 0.9583333333333334, "recall_5": 0.1464969805433371, "recall_10": 0.24094993172011644, "recall_15": 0.3022387835283986, "recall_20": 0.3550858654597047, "recall_30": 0.43286081087612804, "recall_100": 0.63646689612439, "recall_200": 0.7080282624397595, "recall_500": 0.7864709084459923, "recall_1000": 0.8296861360077604}}