{"MSMARCO": {"mrr_10": 0.3681966048119349, "recall_5": 0.5250716332378222, "recall_10": 0.6395057306590258, "recall_15": 0.698710601719198, "recall_20": 0.7374880611270299, "recall_30": 0.7839422158548235, "recall_100": 0.8844914040114613, "recall_200": 0.9239135625596943, "recall_500": 0.9565066857688633, "recall_1000": 0.9698543457497611}, "TREC_DL_2019": {"ndcg_cut_5": 0.6859045183928699, "ndcg_cut_10": 0.6738140164280881, "ndcg_cut_15": 0.6695377077746416, "ndcg_cut_20": 0.6617236876714232, "ndcg_cut_30": 0.6460977606906522, "ndcg_cut_100": 0.6244269974412272, "ndcg_cut_200": 0.6394718960101201, "ndcg_cut_500": 0.6735258259533842, "ndcg_cut_1000": 0.6996792554725068, "mrr_10": 0.7953488372093023, "recall_5": 0.1658688397030321, "recall_10": 0.26126339093295886, "recall_15": 0.33171698636876523, "recall_20": 0.3827473930350356, "recall_30": 0.43975303013005324, "recall_100": 0.5995988163321884, "recall_200": 0.6940112836749722, "recall_500": 0.7716682825824378, "recall_1000": 0.8238459092423569}, "TREC_DL_2020": {"ndcg_cut_5": 0.734259571381516, "ndcg_cut_10": 0.696199328141431, "ndcg_cut_15": 0.6820623933876652, "ndcg_cut_20": 0.6645546098975659, "ndcg_cut_30": 0.6519586575356153, "ndcg_cut_100": 0.6427361730304642, "ndcg_cut_200": 0.6666068352763863, "ndcg_cut_500": 0.6965672296055955, "ndcg_cut_1000": 0.7127600646886181, "mrr_10": 0.9532627865961198, "recall_5": 0.15473223543600798, "recall_10": 0.23231937742289333, "recall_15": 0.2973739840717859, "recall_20": 0.34346404057590585, "recall_30": 0.4112807229815928, "recall_100": 0.5976804332949877, "recall_200": 0.6751722225859962, "recall_500": 0.7512878602617533, "recall_1000": 0.793809014559706}}