{"ndcg_cut_5": 0.6859045183928699, "ndcg_cut_10": 0.6738140164280881, "ndcg_cut_15": 0.6695377077746416, "ndcg_cut_20": 0.6617236876714232, "ndcg_cut_30": 0.6460977606906522, "ndcg_cut_100": 0.6244269974412272, "ndcg_cut_200": 0.6394718960101201, "ndcg_cut_500": 0.6735258259533842, "ndcg_cut_1000": 0.6996792554725068}{"mrr_10": 0.7953488372093023, "recall_5": 0.1658688397030321, "recall_10": 0.26126339093295886, "recall_15": 0.33171698636876523, "recall_20": 0.3827473930350356, "recall_30": 0.43975303013005324, "recall_100": 0.5995988163321884, "recall_200": 0.6940112836749722, "recall_500": 0.7716682825824378, "recall_1000": 0.8238459092423569}