{"MSMARCO": {"mrr_10": 0.08319093320848925, "recall_500": 0.7546231273408239, "recall_1000": 0.818878745318352, "recall_30": 0.3159527153558052, "recall_100": 0.5224719101123596, "recall_200": 0.63875234082397, "recall_10": 0.18533473782771537, "recall_15": 0.22782069288389514, "recall_20": 0.26451310861423216, "recall_5": 0.12652153558052437}, "TREC_DL_2019": {"ndcg_cut_100": 0.08785660508142097, "ndcg_cut_200": 0.12647795295567726, "ndcg_cut_500": 0.1562439102658123, "ndcg_cut_1000": 0.17111563980449768, "ndcg_cut_20": 0.051414006229386716, "ndcg_cut_30": 0.058987455920385665, "ndcg_cut_5": 0.03618194482968907, "ndcg_cut_10": 0.04108938762222241, "ndcg_cut_15": 0.03695916133790274, "mrr_10": 0.09316239316239318, "recall_100": 0.18352979070565717, "recall_200": 0.3186828769181028, "recall_500": 0.4441570545183456, "recall_1000": 0.4839889094104415, "recall_20": 0.08043090841550406, "recall_30": 0.09168794406278359, "recall_5": 0.008097165991902834, "recall_10": 0.03966294723675982, "recall_15": 0.041539119844639746}, "TREC_DL_2020": {"ndcg_cut_5": 0.14087672111155095, "ndcg_cut_10": 0.1372612614304213, "ndcg_cut_15": 0.13633277455664106, "ndcg_cut_20": 0.13801242553157242, "ndcg_cut_30": 0.14873343381589563, "ndcg_cut_100": 0.17925162003392184, "ndcg_cut_200": 0.21752567039279577, "ndcg_cut_500": 0.26538342462705194, "ndcg_cut_1000": 0.2783071290286359, "mrr_10": 0.19442857142857142, "recall_5": 0.050717247472465685, "recall_10": 0.07564281029018537, "recall_15": 0.08847835528259308, "recall_20": 0.09741872360873982, "recall_30": 0.1218873123910541, "recall_100": 0.18702450740651372, "recall_200": 0.28406329237899686, "recall_500": 0.43066878999545827, "recall_1000": 0.48117959508104446}}