{"MSMARCO": {"mrr_10": 0.3601407081457229, "recall_5": 0.5246298949379178, "recall_10": 0.6363777459407832, "recall_15": 0.6946513849092647, "recall_20": 0.7303963705826172, "recall_30": 0.7807664756446994, "recall_100": 0.8861986628462275, "recall_200": 0.9238299904489016, "recall_500": 0.9577960840496657, "recall_1000": 0.9734957020057307}, "TREC_DL_2019": {"ndcg_cut_5": 0.7273375292456762, "ndcg_cut_10": 0.6980110002772063, "ndcg_cut_15": 0.6985470942627211, "ndcg_cut_20": 0.6901984018220838, "ndcg_cut_30": 0.6780170790111947, "ndcg_cut_100": 0.6555860962146712, "ndcg_cut_200": 0.6672459242312041, "ndcg_cut_500": 0.7045322035157393, "ndcg_cut_1000": 0.7265994290173392, "mrr_10": 0.8527131782945737, "recall_5": 0.17631398363561598, "recall_10": 0.268352902713422, "recall_15": 0.3411056400856066, "recall_20": 0.3954162632480718, "recall_30": 0.46094126789993445, "recall_100": 0.6330793840069554, "recall_200": 0.7175609601857973, "recall_500": 0.7963553958331947, "recall_1000": 0.8423363136529146}, "TREC_DL_2020": {"ndcg_cut_5": 0.6958125128928502, "ndcg_cut_10": 0.6719289878490207, "ndcg_cut_15": 0.6567607590701084, "ndcg_cut_20": 0.6499774950244481, "ndcg_cut_30": 0.6404715822812079, "ndcg_cut_100": 0.6297104979070234, "ndcg_cut_200": 0.6555058259479418, "ndcg_cut_500": 0.6894894435835548, "ndcg_cut_1000": 0.7092777823697192, "mrr_10": 0.9390432098765432, "recall_5": 0.1491509715886861, "recall_10": 0.23243673094340522, "recall_15": 0.2889097579891185, "recall_20": 0.33516537355871734, "recall_30": 0.40587435716074227, "recall_100": 0.5911597247358347, "recall_200": 0.6724268712356498, "recall_500": 0.7550630386979769, "recall_1000": 0.8079887737238679}}