{"MSMARCO": {"mrr_10": 0.3614795106199115, "recall_5": 0.5268266475644697, "recall_10": 0.6455945558739254, "recall_15": 0.7044293218720155, "recall_20": 0.7414517669531999, "recall_30": 0.7847779369627511, "recall_100": 0.8894221585482331, "recall_200": 0.9275071633237821, "recall_500": 0.9583930276981854, "recall_1000": 0.975119388729704}, "TREC_DL_2019": {"ndcg_cut_5": 0.7272738319131027, "ndcg_cut_10": 0.7096992495055118, "ndcg_cut_15": 0.7027745821836795, "ndcg_cut_20": 0.700910941349867, "ndcg_cut_30": 0.6861903767976361, "ndcg_cut_100": 0.6572261522174377, "ndcg_cut_200": 0.672898219742157, "ndcg_cut_500": 0.7115011914097676, "ndcg_cut_1000": 0.7330646722121863, "mrr_10": 0.8217054263565892, "recall_5": 0.18449633623215755, "recall_10": 0.2740271305510856, "recall_15": 0.336851278003591, "recall_20": 0.40398407994466873, "recall_30": 0.46195069095657076, "recall_100": 0.6296872660201452, "recall_200": 0.7282646028921784, "recall_500": 0.8126059346811015, "recall_1000": 0.853173314838261}, "TREC_DL_2020": {"ndcg_cut_5": 0.6775915515546727, "ndcg_cut_10": 0.6638637120144941, "ndcg_cut_15": 0.6609727752285052, "ndcg_cut_20": 0.6589510115597813, "ndcg_cut_30": 0.6528160950343161, "ndcg_cut_100": 0.6438165506637369, "ndcg_cut_200": 0.6696368565957835, "ndcg_cut_500": 0.6974405370348989, "ndcg_cut_1000": 0.7134375616951592, "mrr_10": 0.9409171075837742, "recall_5": 0.13441698344553107, "recall_10": 0.2299508740184273, "recall_15": 0.2962401133505461, "recall_20": 0.3507778669110757, "recall_30": 0.4268493457253214, "recall_100": 0.6201710086463842, "recall_200": 0.7020225803905725, "recall_500": 0.770135018824088, "recall_1000": 0.8097705555880689}}